<?xml version="1.0" encoding="utf-8"?>
<?xml-stylesheet type='text/xsl' href='ConversionLogFile.xsl'?>
<LogFile projectName="planta1_def_V15" typeText="Tipo" messageText="Mensaje" timeText="Hora">
  <MessageCell ServiceId="80" MessageId="30" MessageClass="Information" Timestamp="04/02/2020 11:14:54">
    <Number ServiceNumber="80" MessageNumber="30" />
    <Text FeedbackText="Actualización iniciada" />
    <Help HelpId="-1" />
  </MessageCell>
  <MessageCell ServiceId="80" MessageId="30" MessageClass="Information" Timestamp="04/02/2020 11:14:54">
    <Number ServiceNumber="80" MessageNumber="30" />
    <Text FeedbackText="Leyendo información de la librería o el proyecto anterior." />
    <Help HelpId="-1" />
  </MessageCell>
  <MessageCell ServiceId="80" MessageId="30" MessageClass="Information" Timestamp="04/02/2020 11:14:55">
    <Number ServiceNumber="80" MessageNumber="30" />
    <Text FeedbackText="Creando librería o proyecto nuevo." />
    <Help HelpId="-1" />
  </MessageCell>
  <MessageCell ServiceId="80" MessageId="30" MessageClass="Information" Timestamp="04/02/2020 11:14:57">
    <Number ServiceNumber="80" MessageNumber="30" />
    <Text FeedbackText="Exportando datos de la librería o del proyecto." />
    <Help HelpId="-1" />
  </MessageCell>
  <Details ServiceId="80" MessageId="30" Timestamp="04/02/2020 11:15:01" Debug="false">
    <Text />
  </Details>
  <MessageCell ServiceId="80" MessageId="30" MessageClass="Information" Timestamp="04/02/2020 11:15:01">
    <Number ServiceNumber="80" MessageNumber="30" />
    <Text FeedbackText="Importando datos a la librería o al proyecto nuevo." />
    <Help HelpId="-1" />
  </MessageCell>
  <Details ServiceId="80" MessageId="30" Timestamp="04/02/2020 11:15:09" Debug="false">
    <Text />
  </Details>
  <Details ServiceId="80" MessageId="30" Timestamp="04/02/2020 11:15:11" Debug="false">
    <Text>Reorganization succeed!</Text>
  </Details>
  <MessageCell ServiceId="80" MessageId="30" MessageClass="Information" Timestamp="04/02/2020 11:15:11">
    <Number ServiceNumber="80" MessageNumber="30" />
    <Text FeedbackText="CheckRepair lost+found objects" />
    <Help HelpId="-1" />
  </MessageCell>
  <Details ServiceId="80" MessageId="30" Timestamp="04/02/2020 11:15:11" Debug="false">
    <Text>No lost+found object is detected.</Text>
  </Details>
  <MessageCell ServiceId="80" MessageId="30" MessageClass="Information" Timestamp="04/02/2020 11:15:11">
    <Number ServiceNumber="80" MessageNumber="30" />
    <Text FeedbackText="Importando datos a la librería o al proyecto nuevo." />
    <Help HelpId="-1" />
  </MessageCell>
  <MessageCell ServiceId="80" MessageId="30" MessageClass="Information" Timestamp="04/02/2020 11:15:14">
    <Number ServiceNumber="80" MessageNumber="30" />
    <Text FeedbackText="Comprobando y reparando la coherencia e integridad del proyecto o librería." />
    <Help HelpId="-1" />
  </MessageCell>
  <MessageCell ServiceId="80" MessageId="30" MessageClass="Information" Timestamp="04/02/2020 11:15:15">
    <Number ServiceNumber="80" MessageNumber="30" />
    <Text FeedbackText="Actualizando librería o proyecto nuevo." />
    <Help HelpId="-1" />
  </MessageCell>
  <MessageCell ServiceId="80" MessageId="30" MessageClass="Information" Timestamp="04/02/2020 11:15:16">
    <Number ServiceNumber="80" MessageNumber="30" />
    <Text FeedbackText="Actualizando librería o proyecto nuevo." />
    <Help HelpId="-1" />
  </MessageCell>
  <Details ServiceId="80" MessageId="30" Timestamp="04/02/2020 11:15:29" Debug="false">
    <Text>HmiConvert: Started conversion section.</Text>
  </Details>
  <Details ServiceId="80" MessageId="30" Timestamp="04/02/2020 11:15:29" Debug="false">
    <Text>HmiConvert: Starting conversion step &lt;Siemens.Simatic.Hmi.Globalization.Managers.Scan:Siemens.Simatic.Hmi.Utah.Globalization.TextRepairForConvert.TextsRepair&gt;.</Text>
  </Details>
  <Details ServiceId="80" MessageId="30" Timestamp="04/02/2020 11:15:29" Debug="false">
    <Text>HmiConvert: Finished conversion step &lt;Siemens.Simatic.Hmi.Globalization.Managers.Scan:Siemens.Simatic.Hmi.Utah.Globalization.TextRepairForConvert.TextsRepair&gt;.</Text>
  </Details>
  <Details ServiceId="80" MessageId="30" Timestamp="04/02/2020 11:15:29" Debug="false">
    <Text>HmiConvert: Starting conversion step &lt;Siemens.Simatic.Hmi.Globalization.Managers.Scan:Siemens.Simatic.Hmi.Utah.Globalization.NotUsedTextCategoryDeleter.DeleteNotUsedTextCategoriesInLibraryContext&gt;.</Text>
  </Details>
  <Details ServiceId="80" MessageId="30" Timestamp="04/02/2020 11:15:29" Debug="false">
    <Text>HmiConvert: Finished conversion step &lt;Siemens.Simatic.Hmi.Globalization.Managers.Scan:Siemens.Simatic.Hmi.Utah.Globalization.NotUsedTextCategoryDeleter.DeleteNotUsedTextCategoriesInLibraryContext&gt;.</Text>
  </Details>
  <Details ServiceId="80" MessageId="30" Timestamp="04/02/2020 11:15:29" Debug="false">
    <Text>HmiConvert: Starting conversion step &lt;Siemens.Simatic.Hmi.Globalization.Managers.Scan:Siemens.Simatic.Hmi.Utah.Globalization.TrefTextCategoryReplacer.TurnTRefCategoriesIntoRealOnes&gt;.</Text>
  </Details>
  <Details ServiceId="80" MessageId="30" Timestamp="04/02/2020 11:15:29" Debug="false">
    <Text>HmiConvert: Finished conversion step &lt;Siemens.Simatic.Hmi.Globalization.Managers.Scan:Siemens.Simatic.Hmi.Utah.Globalization.TrefTextCategoryReplacer.TurnTRefCategoriesIntoRealOnes&gt;.</Text>
  </Details>
  <Details ServiceId="80" MessageId="30" Timestamp="04/02/2020 11:15:29" Debug="false">
    <Text>HmiConvert: Starting conversion step &lt;Siemens.Simatic.Hmi.GraphX.Controls.Managers.Scan:Siemens.Simatic.Hmi.Utah.GraphX.Controls.ProDiagPhaseConverter.ConvertProperties&gt;.</Text>
  </Details>
  <Details ServiceId="80" MessageId="30" Timestamp="04/02/2020 11:15:29" Debug="false">
    <Text>HmiConvert: Finished conversion step &lt;Siemens.Simatic.Hmi.GraphX.Controls.Managers.Scan:Siemens.Simatic.Hmi.Utah.GraphX.Controls.ProDiagPhaseConverter.ConvertProperties&gt;.</Text>
  </Details>
  <Details ServiceId="80" MessageId="30" Timestamp="04/02/2020 11:15:29" Debug="false">
    <Text>HmiConvert: Starting conversion step &lt;Siemens.Simatic.Hmi.GraphX.Controls.Managers.Scan:Siemens.Simatic.Hmi.Utah.GraphX.Controls.ProDiagPhaseConverter.AddToolbarButtons&gt;.</Text>
  </Details>
  <Details ServiceId="80" MessageId="30" Timestamp="04/02/2020 11:15:29" Debug="false">
    <Text>HmiConvert: Finished conversion step &lt;Siemens.Simatic.Hmi.GraphX.Controls.Managers.Scan:Siemens.Simatic.Hmi.Utah.GraphX.Controls.ProDiagPhaseConverter.AddToolbarButtons&gt;.</Text>
  </Details>
  <Details ServiceId="80" MessageId="30" Timestamp="04/02/2020 11:15:29" Debug="false">
    <Text>HmiConvert: Starting conversion step &lt;Siemens.Simatic.Hmi.Globalization.Managers.Scan:Siemens.Simatic.Hmi.Utah.Globalization.TextCategoryConvert.CreateNewTextCategoriesV14&gt;.</Text>
  </Details>
  <Details ServiceId="80" MessageId="30" Timestamp="04/02/2020 11:15:30" Debug="false">
    <Text>HmiConvert: Finished conversion step &lt;Siemens.Simatic.Hmi.Globalization.Managers.Scan:Siemens.Simatic.Hmi.Utah.Globalization.TextCategoryConvert.CreateNewTextCategoriesV14&gt;.</Text>
  </Details>
  <Details ServiceId="80" MessageId="30" Timestamp="04/02/2020 11:15:30" Debug="false">
    <Text>HmiConvert: Starting conversion step &lt;Siemens.Simatic.Hmi.Globalization.Managers.Scan:Siemens.Simatic.Hmi.Utah.Globalization.FontConvert.UpdateFontListNames&gt;.</Text>
  </Details>
  <Details ServiceId="80" MessageId="30" Timestamp="04/02/2020 11:15:30" Debug="false">
    <Text>HmiConvert: Finished conversion step &lt;Siemens.Simatic.Hmi.Globalization.Managers.Scan:Siemens.Simatic.Hmi.Utah.Globalization.FontConvert.UpdateFontListNames&gt;.</Text>
  </Details>
  <Details ServiceId="80" MessageId="30" Timestamp="04/02/2020 11:15:30" Debug="false">
    <Text>HmiConvert: Starting conversion step &lt;Siemens.Simatic.Hmi.ScreenModules.Managers.Scan:Siemens.Simatic.Hmi.Utah.Modules.ScreenModules.PhaseConverter.RepairFaceplateTypesAndInstances&gt;.</Text>
  </Details>
  <Details ServiceId="80" MessageId="30" Timestamp="04/02/2020 11:15:30" Debug="false">
    <Text>HmiConvert: Finished conversion step &lt;Siemens.Simatic.Hmi.ScreenModules.Managers.Scan:Siemens.Simatic.Hmi.Utah.Modules.ScreenModules.PhaseConverter.RepairFaceplateTypesAndInstances&gt;.</Text>
  </Details>
  <Details ServiceId="80" MessageId="30" Timestamp="04/02/2020 11:15:30" Debug="false">
    <Text>HmiConvert: Starting conversion step &lt;Siemens.Simatic.Hmi.Device.DeviceManagers.Scan:Siemens.Simatic.Hmi.Utah.Device.Upgrade.DeviceConverter.ConvertHmiDeviceToV14&gt;.</Text>
  </Details>
  <Details ServiceId="80" MessageId="30" Timestamp="04/02/2020 11:15:31" Debug="false">
    <Text>HmiConvert: Finished conversion step &lt;Siemens.Simatic.Hmi.Device.DeviceManagers.Scan:Siemens.Simatic.Hmi.Utah.Device.Upgrade.DeviceConverter.ConvertHmiDeviceToV14&gt;.</Text>
  </Details>
  <Details ServiceId="80" MessageId="30" Timestamp="04/02/2020 11:15:31" Debug="false">
    <Text>HmiConvert: Starting conversion step &lt;Siemens.Simatic.Hmi.Globalization.Managers.Scan:Siemens.Simatic.Hmi.Utah.Globalization.FontConvert.RepairMissingDefaultFontList&gt;.</Text>
  </Details>
  <Details ServiceId="80" MessageId="30" Timestamp="04/02/2020 11:15:31" Debug="false">
    <Text>HmiConvert: Finished conversion step &lt;Siemens.Simatic.Hmi.Globalization.Managers.Scan:Siemens.Simatic.Hmi.Utah.Globalization.FontConvert.RepairMissingDefaultFontList&gt;.</Text>
  </Details>
  <Details ServiceId="80" MessageId="30" Timestamp="04/02/2020 11:15:31" Debug="false">
    <Text>HmiConvert: Starting conversion step &lt;Siemens.Simatic.Hmi.Globalization.Managers.Scan:Siemens.Simatic.Hmi.Utah.Globalization.FontConvert.ClenUpTRefFontLists&gt;.</Text>
  </Details>
  <Details ServiceId="80" MessageId="30" Timestamp="04/02/2020 11:15:31" Debug="false">
    <Text>HmiConvert: Finished conversion step &lt;Siemens.Simatic.Hmi.Globalization.Managers.Scan:Siemens.Simatic.Hmi.Utah.Globalization.FontConvert.ClenUpTRefFontLists&gt;.</Text>
  </Details>
  <Details ServiceId="80" MessageId="30" Timestamp="04/02/2020 11:15:31" Debug="false">
    <Text>HmiConvert: Starting conversion step &lt;Siemens.Simatic.Hmi.GraphX.GraphXManagers.Scan:Siemens.Simatic.Hmi.Utah.GraphX.PhaseConverter.ConvertTRefs&gt;.</Text>
  </Details>
  <Details ServiceId="80" MessageId="30" Timestamp="04/02/2020 11:15:31" Debug="false">
    <Text>HmiConvert: Finished conversion step &lt;Siemens.Simatic.Hmi.GraphX.GraphXManagers.Scan:Siemens.Simatic.Hmi.Utah.GraphX.PhaseConverter.ConvertTRefs&gt;.</Text>
  </Details>
  <Details ServiceId="80" MessageId="30" Timestamp="04/02/2020 11:15:31" Debug="false">
    <Text>HmiConvert: Starting conversion step &lt;Siemens.Simatic.Hmi.Alarm.Managers.Scan:Siemens.Simatic.Hmi.Utah.Alarm.AlarmDataConverter.ConvertAlarmStuff&gt;.</Text>
  </Details>
  <Details ServiceId="80" MessageId="30" Timestamp="04/02/2020 11:15:31" Debug="false">
    <Text>HmiConvert: Finished conversion step &lt;Siemens.Simatic.Hmi.Alarm.Managers.Scan:Siemens.Simatic.Hmi.Utah.Alarm.AlarmDataConverter.ConvertAlarmStuff&gt;.</Text>
  </Details>
  <Details ServiceId="80" MessageId="30" Timestamp="04/02/2020 11:15:31" Debug="false">
    <Text>HmiConvert: Starting conversion step &lt;Siemens.Simatic.Hmi.Scripting.Managers.Scan:Siemens.Simatic.Hmi.Utah.Scripting.FunctionListConverter.ConvertFunctionList&gt;.</Text>
  </Details>
  <Details ServiceId="80" MessageId="30" Timestamp="04/02/2020 11:15:31" Debug="false">
    <Text>HmiConvert: Finished conversion step &lt;Siemens.Simatic.Hmi.Scripting.Managers.Scan:Siemens.Simatic.Hmi.Utah.Scripting.FunctionListConverter.ConvertFunctionList&gt;.</Text>
  </Details>
  <Details ServiceId="80" MessageId="30" Timestamp="04/02/2020 11:15:31" Debug="false">
    <Text>HmiConvert: Starting conversion step &lt;Siemens.Simatic.Hmi.Logging.Managers.Scan:Siemens.Simatic.Hmi.Utah.Logging.LoggingConverter.ConvertLogging&gt;.</Text>
  </Details>
  <Details ServiceId="80" MessageId="30" Timestamp="04/02/2020 11:15:31" Debug="false">
    <Text>HmiConvert: Finished conversion step &lt;Siemens.Simatic.Hmi.Logging.Managers.Scan:Siemens.Simatic.Hmi.Utah.Logging.LoggingConverter.ConvertLogging&gt;.</Text>
  </Details>
  <Details ServiceId="80" MessageId="30" Timestamp="04/02/2020 11:15:31" Debug="false">
    <Text>HmiConvert: Starting conversion step &lt;Siemens.Simatic.Hmi.GraphX.GraphXManagers.Scan:Siemens.Simatic.Hmi.Utah.GraphX.PhaseConverter.ConvertAlarmViewColor&gt;.</Text>
  </Details>
  <Details ServiceId="80" MessageId="30" Timestamp="04/02/2020 11:15:31" Debug="false">
    <Text>HmiConvert: Finished conversion step &lt;Siemens.Simatic.Hmi.GraphX.GraphXManagers.Scan:Siemens.Simatic.Hmi.Utah.GraphX.PhaseConverter.ConvertAlarmViewColor&gt;.</Text>
  </Details>
  <Details ServiceId="80" MessageId="30" Timestamp="04/02/2020 11:15:31" Debug="false">
    <Text>HmiConvert: Starting conversion step &lt;Siemens.Simatic.Hmi.GraphX.GraphXManagers.Scan:Siemens.Simatic.Hmi.Utah.GraphX.GaugeConverter.ConvertGaugeColor&gt;.</Text>
  </Details>
  <Details ServiceId="80" MessageId="30" Timestamp="04/02/2020 11:15:31" Debug="false">
    <Text>HmiConvert: Finished conversion step &lt;Siemens.Simatic.Hmi.GraphX.GraphXManagers.Scan:Siemens.Simatic.Hmi.Utah.GraphX.GaugeConverter.ConvertGaugeColor&gt;.</Text>
  </Details>
  <Details ServiceId="80" MessageId="30" Timestamp="04/02/2020 11:15:31" Debug="false">
    <Text>HmiConvert: Starting conversion step &lt;Siemens.Simatic.Hmi.GraphX.GraphXManagers.Scan:Siemens.Simatic.Hmi.Utah.GraphX.PhaseConverter.ConvertGraphicViewsInReport&gt;.</Text>
  </Details>
  <Details ServiceId="80" MessageId="30" Timestamp="04/02/2020 11:15:31" Debug="false">
    <Text>HmiConvert: Finished conversion step &lt;Siemens.Simatic.Hmi.GraphX.GraphXManagers.Scan:Siemens.Simatic.Hmi.Utah.GraphX.PhaseConverter.ConvertGraphicViewsInReport&gt;.</Text>
  </Details>
  <Details ServiceId="80" MessageId="30" Timestamp="04/02/2020 11:15:31" Debug="false">
    <Text>HmiConvert: Starting conversion step &lt;Siemens.Simatic.Hmi.GraphX.GraphXManagers.Scan:Siemens.Simatic.Hmi.Utah.GraphX.PhaseConverter.ConvertTexts&gt;.</Text>
  </Details>
  <Details ServiceId="80" MessageId="30" Timestamp="04/02/2020 11:15:31" Debug="false">
    <Text>HmiConvert: Finished conversion step &lt;Siemens.Simatic.Hmi.GraphX.GraphXManagers.Scan:Siemens.Simatic.Hmi.Utah.GraphX.PhaseConverter.ConvertTexts&gt;.</Text>
  </Details>
  <Details ServiceId="80" MessageId="30" Timestamp="04/02/2020 11:15:31" Debug="false">
    <Text>HmiConvert: Starting conversion step &lt;Siemens.Simatic.Hmi.GraphX.GraphXManagers.Scan:Siemens.Simatic.Hmi.Utah.GraphX.PhaseConverter.ConvertSymbolicIoFields&gt;.</Text>
  </Details>
  <Details ServiceId="80" MessageId="30" Timestamp="04/02/2020 11:15:31" Debug="false">
    <Text>HmiConvert: Finished conversion step &lt;Siemens.Simatic.Hmi.GraphX.GraphXManagers.Scan:Siemens.Simatic.Hmi.Utah.GraphX.PhaseConverter.ConvertSymbolicIoFields&gt;.</Text>
  </Details>
  <Details ServiceId="80" MessageId="30" Timestamp="04/02/2020 11:15:31" Debug="false">
    <Text>HmiConvert: Starting conversion step &lt;Siemens.Simatic.Hmi.GraphX.Controls.Managers.Scan:Siemens.Simatic.Hmi.Utah.GraphX.Controls.HmiActiveXContainer.ConvertActiveXControl&gt;.</Text>
  </Details>
  <Details ServiceId="80" MessageId="30" Timestamp="04/02/2020 11:15:31" Debug="false">
    <Text>HmiConvert: Finished conversion step &lt;Siemens.Simatic.Hmi.GraphX.Controls.Managers.Scan:Siemens.Simatic.Hmi.Utah.GraphX.Controls.HmiActiveXContainer.ConvertActiveXControl&gt;.</Text>
  </Details>
  <Details ServiceId="80" MessageId="30" Timestamp="04/02/2020 11:15:31" Debug="false">
    <Text>HmiConvert: Starting conversion step &lt;Siemens.Simatic.Hmi.RuntimeIT.Managers.Scan:Siemens.Simatic.Hmi.Utah.RTSecurity.HmiRTSecurityPwdConverter.ConvertPasswordToPasswordHash&gt;.</Text>
  </Details>
  <Details ServiceId="80" MessageId="30" Timestamp="04/02/2020 11:15:31" Debug="false">
    <Text>HmiConvert: Finished conversion step &lt;Siemens.Simatic.Hmi.RuntimeIT.Managers.Scan:Siemens.Simatic.Hmi.Utah.RTSecurity.HmiRTSecurityPwdConverter.ConvertPasswordToPasswordHash&gt;.</Text>
  </Details>
  <Details ServiceId="80" MessageId="30" Timestamp="04/02/2020 11:15:31" Debug="false">
    <Text>HmiConvert: Starting conversion step &lt;Siemens.Simatic.Hmi.GraphX.GraphXManagers.Scan:Siemens.Simatic.Hmi.Utah.GraphX.PhaseConverter.ConvertGroups&gt;.</Text>
  </Details>
  <Details ServiceId="80" MessageId="30" Timestamp="04/02/2020 11:15:31" Debug="false">
    <Text>HmiConvert: Finished conversion step &lt;Siemens.Simatic.Hmi.GraphX.GraphXManagers.Scan:Siemens.Simatic.Hmi.Utah.GraphX.PhaseConverter.ConvertGroups&gt;.</Text>
  </Details>
  <Details ServiceId="80" MessageId="30" Timestamp="04/02/2020 11:15:31" Debug="false">
    <Text>HmiConvert: Starting conversion step &lt;Siemens.Simatic.Hmi.GraphX.GraphXManagers.Scan:Siemens.Simatic.Hmi.Utah.GraphX.PhaseConverter.ConvertGroupsWithText&gt;.</Text>
  </Details>
  <Details ServiceId="80" MessageId="30" Timestamp="04/02/2020 11:15:31" Debug="false">
    <Text>HmiConvert: Finished conversion step &lt;Siemens.Simatic.Hmi.GraphX.GraphXManagers.Scan:Siemens.Simatic.Hmi.Utah.GraphX.PhaseConverter.ConvertGroupsWithText&gt;.</Text>
  </Details>
  <Details ServiceId="80" MessageId="30" Timestamp="04/02/2020 11:15:31" Debug="false">
    <Text>HmiConvert: Starting conversion step &lt;Siemens.Simatic.Hmi.GraphX.GraphXManagers.Scan:Siemens.Simatic.Hmi.Utah.GraphX.PhaseConverter.ConvertSoftkeys&gt;.</Text>
  </Details>
  <Details ServiceId="80" MessageId="30" Timestamp="04/02/2020 11:15:31" Debug="false">
    <Text>HmiConvert: Finished conversion step &lt;Siemens.Simatic.Hmi.GraphX.GraphXManagers.Scan:Siemens.Simatic.Hmi.Utah.GraphX.PhaseConverter.ConvertSoftkeys&gt;.</Text>
  </Details>
  <Details ServiceId="80" MessageId="30" Timestamp="04/02/2020 11:15:31" Debug="false">
    <Text>HmiConvert: Starting conversion step &lt;Siemens.Simatic.Hmi.GraphX.GraphXManagers.Scan:Siemens.Simatic.Hmi.Utah.GraphX.PhaseConverter.ConvertScreenUdtVersionInstanceRelation&gt;.</Text>
  </Details>
  <Details ServiceId="80" MessageId="30" Timestamp="04/02/2020 11:15:31" Debug="false">
    <Text>HmiConvert: Finished conversion step &lt;Siemens.Simatic.Hmi.GraphX.GraphXManagers.Scan:Siemens.Simatic.Hmi.Utah.GraphX.PhaseConverter.ConvertScreenUdtVersionInstanceRelation&gt;.</Text>
  </Details>
  <Details ServiceId="80" MessageId="30" Timestamp="04/02/2020 11:15:31" Debug="false">
    <Text>HmiConvert: Starting conversion step &lt;Siemens.Simatic.Hmi.GraphX.GraphXManagers.Scan:Siemens.Simatic.Hmi.Utah.GraphX.EdgeStylePhaseConverter.ConvertBorderStyle3D&gt;.</Text>
  </Details>
  <Details ServiceId="80" MessageId="30" Timestamp="04/02/2020 11:15:32" Debug="false">
    <Text>HmiConvert: Finished conversion step &lt;Siemens.Simatic.Hmi.GraphX.GraphXManagers.Scan:Siemens.Simatic.Hmi.Utah.GraphX.EdgeStylePhaseConverter.ConvertBorderStyle3D&gt;.</Text>
  </Details>
  <Details ServiceId="80" MessageId="30" Timestamp="04/02/2020 11:15:32" Debug="false">
    <Text>HmiConvert: Starting conversion step &lt;Siemens.Simatic.Hmi.Styles.Managers.Scan:Siemens.Simatic.Hmi.Utah.Styles.HmiStyleConverter.ConvertHmiStyle&gt;.</Text>
  </Details>
  <Details ServiceId="80" MessageId="30" Timestamp="04/02/2020 11:15:33" Debug="false">
    <Text>HmiConvert: Finished conversion step &lt;Siemens.Simatic.Hmi.Styles.Managers.Scan:Siemens.Simatic.Hmi.Utah.Styles.HmiStyleConverter.ConvertHmiStyle&gt;.</Text>
  </Details>
  <Details ServiceId="80" MessageId="30" Timestamp="04/02/2020 11:15:33" Debug="false">
    <Text>HmiConvert: Starting conversion step &lt;Siemens.Simatic.Hmi.ScreenModules.Managers.Scan:Siemens.Simatic.Hmi.Utah.Modules.ScreenModules.PhaseConverter.ConvertFaceplateBorderStyle3D&gt;.</Text>
  </Details>
  <Details ServiceId="80" MessageId="30" Timestamp="04/02/2020 11:15:33" Debug="false">
    <Text>HmiConvert: Finished conversion step &lt;Siemens.Simatic.Hmi.ScreenModules.Managers.Scan:Siemens.Simatic.Hmi.Utah.Modules.ScreenModules.PhaseConverter.ConvertFaceplateBorderStyle3D&gt;.</Text>
  </Details>
  <Details ServiceId="80" MessageId="30" Timestamp="04/02/2020 11:15:33" Debug="false">
    <Text>HmiConvert: Starting conversion step &lt;Siemens.Simatic.Hmi.ScreenModules.Managers.Scan:Siemens.Simatic.Hmi.Utah.Modules.ScreenModules.PhaseConverter.ConvertDeleteParentlessFaceplateStructureMembers&gt;.</Text>
  </Details>
  <Details ServiceId="80" MessageId="30" Timestamp="04/02/2020 11:15:33" Debug="false">
    <Text>HmiConvert: Finished conversion step &lt;Siemens.Simatic.Hmi.ScreenModules.Managers.Scan:Siemens.Simatic.Hmi.Utah.Modules.ScreenModules.PhaseConverter.ConvertDeleteParentlessFaceplateStructureMembers&gt;.</Text>
  </Details>
  <Details ServiceId="80" MessageId="30" Timestamp="04/02/2020 11:15:33" Debug="false">
    <Text>HmiConvert: Starting conversion step &lt;Siemens.Simatic.Hmi.ScreenModules.Managers.Scan:Siemens.Simatic.Hmi.Utah.Modules.ScreenModules.PhaseConverter.RepairInvalidGraphicListReferencesUnderFaceplates&gt;.</Text>
  </Details>
  <Details ServiceId="80" MessageId="30" Timestamp="04/02/2020 11:15:33" Debug="false">
    <Text>HmiConvert: Finished conversion step &lt;Siemens.Simatic.Hmi.ScreenModules.Managers.Scan:Siemens.Simatic.Hmi.Utah.Modules.ScreenModules.PhaseConverter.RepairInvalidGraphicListReferencesUnderFaceplates&gt;.</Text>
  </Details>
  <Details ServiceId="80" MessageId="30" Timestamp="04/02/2020 11:15:33" Debug="false">
    <Text>HmiConvert: Starting conversion step &lt;Siemens.Simatic.Hmi.ScreenModules.Managers.Scan:Siemens.Simatic.Hmi.Utah.Modules.ScreenModules.PhaseConverter.RepairScreenModuleTags&gt;.</Text>
  </Details>
  <Details ServiceId="80" MessageId="30" Timestamp="04/02/2020 11:15:33" Debug="false">
    <Text>HmiConvert: Finished conversion step &lt;Siemens.Simatic.Hmi.ScreenModules.Managers.Scan:Siemens.Simatic.Hmi.Utah.Modules.ScreenModules.PhaseConverter.RepairScreenModuleTags&gt;.</Text>
  </Details>
  <Details ServiceId="80" MessageId="30" Timestamp="04/02/2020 11:15:33" Debug="false">
    <Text>HmiConvert: Starting conversion step &lt;Siemens.Simatic.Hmi.ScreenModules.Managers.Scan:Siemens.Simatic.Hmi.Utah.Modules.ScreenModules.PhaseConverter.RepairPropertyInterfaceStructureMember&gt;.</Text>
  </Details>
  <Details ServiceId="80" MessageId="30" Timestamp="04/02/2020 11:15:33" Debug="false">
    <Text>HmiConvert: Finished conversion step &lt;Siemens.Simatic.Hmi.ScreenModules.Managers.Scan:Siemens.Simatic.Hmi.Utah.Modules.ScreenModules.PhaseConverter.RepairPropertyInterfaceStructureMember&gt;.</Text>
  </Details>
  <Details ServiceId="80" MessageId="30" Timestamp="04/02/2020 11:15:33" Debug="false">
    <Text>HmiConvert: Starting conversion step &lt;Siemens.Simatic.Hmi.ScreenModules.Managers.Scan:Siemens.Simatic.Hmi.Utah.Modules.ScreenModules.PhaseConverter.ConvertImageTRefs&gt;.</Text>
  </Details>
  <Details ServiceId="80" MessageId="30" Timestamp="04/02/2020 11:15:33" Debug="false">
    <Text>HmiConvert: Finished conversion step &lt;Siemens.Simatic.Hmi.ScreenModules.Managers.Scan:Siemens.Simatic.Hmi.Utah.Modules.ScreenModules.PhaseConverter.ConvertImageTRefs&gt;.</Text>
  </Details>
  <Details ServiceId="80" MessageId="30" Timestamp="04/02/2020 11:15:33" Debug="false">
    <Text>HmiConvert: Starting conversion step &lt;Siemens.Simatic.Hmi.ScreenModules.Managers.Scan:Siemens.Simatic.Hmi.Utah.Modules.ScreenModules.PropertiesConverter.RepairAuthorizationPropertyInModuleDevice&gt;.</Text>
  </Details>
  <Details ServiceId="80" MessageId="30" Timestamp="04/02/2020 11:15:33" Debug="false">
    <Text>HmiConvert: Finished conversion step &lt;Siemens.Simatic.Hmi.ScreenModules.Managers.Scan:Siemens.Simatic.Hmi.Utah.Modules.ScreenModules.PropertiesConverter.RepairAuthorizationPropertyInModuleDevice&gt;.</Text>
  </Details>
  <Details ServiceId="80" MessageId="30" Timestamp="04/02/2020 11:15:33" Debug="false">
    <Text>HmiConvert: Starting conversion step &lt;Siemens.Simatic.Hmi.Recipe.Managers.Scan:Siemens.Simatic.Hmi.Utah.Recipe.RecipeConverter.ConvertRecipe&gt;.</Text>
  </Details>
  <Details ServiceId="80" MessageId="30" Timestamp="04/02/2020 11:15:33" Debug="false">
    <Text>HmiConvert: Finished conversion step &lt;Siemens.Simatic.Hmi.Recipe.Managers.Scan:Siemens.Simatic.Hmi.Utah.Recipe.RecipeConverter.ConvertRecipe&gt;.</Text>
  </Details>
  <Details ServiceId="80" MessageId="30" Timestamp="04/02/2020 11:15:33" Debug="false">
    <Text>HmiConvert: Starting conversion step &lt;Siemens.Simatic.Hmi.Communication.Managers.Scan:Siemens.Simatic.Hmi.Utah.Communication.HmiConnectionConverter.ConvertConnection&gt;.</Text>
  </Details>
  <Details ServiceId="80" MessageId="30" Timestamp="04/02/2020 11:15:33" Debug="false">
    <Text>HmiConvert: Finished conversion step &lt;Siemens.Simatic.Hmi.Communication.Managers.Scan:Siemens.Simatic.Hmi.Utah.Communication.HmiConnectionConverter.ConvertConnection&gt;.</Text>
  </Details>
  <Details ServiceId="80" MessageId="30" Timestamp="04/02/2020 11:15:33" Debug="false">
    <Text>HmiConvert: Starting conversion step &lt;Siemens.Simatic.Hmi.GraphX.MTb.Managers.Scan:Siemens.Simatic.Hmi.Utah.GraphX.MenusAndToolBars.ToolbarHolderConverter.ConvertToolbarHolders&gt;.</Text>
  </Details>
  <Details ServiceId="80" MessageId="30" Timestamp="04/02/2020 11:15:33" Debug="false">
    <Text>HmiConvert: Finished conversion step &lt;Siemens.Simatic.Hmi.GraphX.MTb.Managers.Scan:Siemens.Simatic.Hmi.Utah.GraphX.MenusAndToolBars.ToolbarHolderConverter.ConvertToolbarHolders&gt;.</Text>
  </Details>
  <Details ServiceId="80" MessageId="30" Timestamp="04/02/2020 11:15:33" Debug="false">
    <Text>HmiConvert: Starting conversion step &lt;Siemens.Simatic.Hmi.Globalization.Managers.Scan:Siemens.Simatic.Hmi.Utah.Globalization.TextConvertV14.ConvertTexts&gt;.</Text>
  </Details>
  <Details ServiceId="80" MessageId="30" Timestamp="04/02/2020 11:15:33" Debug="false">
    <Text>HmiConvert: Finished conversion step &lt;Siemens.Simatic.Hmi.Globalization.Managers.Scan:Siemens.Simatic.Hmi.Utah.Globalization.TextConvertV14.ConvertTexts&gt;.</Text>
  </Details>
  <Details ServiceId="80" MessageId="30" Timestamp="04/02/2020 11:15:33" Debug="false">
    <Text>HmiConvert: Starting conversion step &lt;Siemens.Simatic.Hmi.Tag.Managers.Scan:Siemens.Simatic.Hmi.Utah.Tag.CoreTagConverter.DoConvert&gt;.</Text>
  </Details>
  <Details ServiceId="80" MessageId="30" Timestamp="04/02/2020 11:15:34" Debug="false">
    <Text>HmiConvert: Finished conversion step &lt;Siemens.Simatic.Hmi.Tag.Managers.Scan:Siemens.Simatic.Hmi.Utah.Tag.CoreTagConverter.DoConvert&gt;.</Text>
  </Details>
  <Details ServiceId="80" MessageId="30" Timestamp="04/02/2020 11:15:34" Debug="false">
    <Text>HmiConvert: Starting conversion step &lt;Siemens.Simatic.Hmi.Tag.Managers.Scan:Siemens.Simatic.Hmi.Utah.Tag.HmiAreaPointerConverter.DoConvert&gt;.</Text>
  </Details>
  <Details ServiceId="80" MessageId="30" Timestamp="04/02/2020 11:15:34" Debug="false">
    <Text>HmiConvert: Finished conversion step &lt;Siemens.Simatic.Hmi.Tag.Managers.Scan:Siemens.Simatic.Hmi.Utah.Tag.HmiAreaPointerConverter.DoConvert&gt;.</Text>
  </Details>
  <Details ServiceId="80" MessageId="30" Timestamp="04/02/2020 11:15:34" Debug="false">
    <Text>HmiConvert is waiting for external dependency: Siemens.Simatic.Lang.SPLConvert</Text>
  </Details>
  <Details ServiceId="80" MessageId="30" Timestamp="04/02/2020 11:15:49" Debug="false">
    <Text>HmiConvert: Started conversion section.</Text>
  </Details>
  <Details ServiceId="80" MessageId="30" Timestamp="04/02/2020 11:15:49" Debug="false">
    <Text>HmiConvert: Starting conversion step &lt;Siemens.Simatic.Hmi.Tag.Managers.Scan:Siemens.Simatic.Hmi.Utah.Tag.ConvertFinalizer.DoConvert&gt;.</Text>
  </Details>
  <Details ServiceId="80" MessageId="30" Timestamp="04/02/2020 11:15:52" Debug="false">
    <Text>HmiConvert: Finished conversion step &lt;Siemens.Simatic.Hmi.Tag.Managers.Scan:Siemens.Simatic.Hmi.Utah.Tag.ConvertFinalizer.DoConvert&gt;.</Text>
  </Details>
  <Details ServiceId="80" MessageId="30" Timestamp="04/02/2020 11:15:52" Debug="false">
    <Text>HmiConvert: Starting conversion step &lt;Siemens.Simatic.Hmi.Tag.Managers.Scan:Siemens.Simatic.Hmi.Utah.Tag.V13AndV14TagsRepairer.RepairV13AndV14Tags&gt;.</Text>
  </Details>
  <Details ServiceId="80" MessageId="30" Timestamp="04/02/2020 11:15:52" Debug="false">
    <Text>HmiConvert: Finished conversion step &lt;Siemens.Simatic.Hmi.Tag.Managers.Scan:Siemens.Simatic.Hmi.Utah.Tag.V13AndV14TagsRepairer.RepairV13AndV14Tags&gt;.</Text>
  </Details>
  <Details ServiceId="80" MessageId="30" Timestamp="04/02/2020 11:15:52" Debug="false">
    <Text>HmiConvert: Starting conversion step &lt;Siemens.Simatic.Hmi.Tag.Managers.Scan:Siemens.Simatic.Hmi.Utah.Tag.HmiAreaPointerConvertFinalizer.DoConvert&gt;.</Text>
  </Details>
  <Details ServiceId="80" MessageId="30" Timestamp="04/02/2020 11:15:52" Debug="false">
    <Text>HmiConvert: Finished conversion step &lt;Siemens.Simatic.Hmi.Tag.Managers.Scan:Siemens.Simatic.Hmi.Utah.Tag.HmiAreaPointerConvertFinalizer.DoConvert&gt;.</Text>
  </Details>
  <Details ServiceId="80" MessageId="30" Timestamp="04/02/2020 11:15:52" Debug="false">
    <Text>HmiConvert: Starting conversion step &lt;Siemens.Simatic.Hmi.Tag.Managers.Scan:Siemens.Simatic.Hmi.Utah.Tag.HmiUdtVersionConverter.DoConvert&gt;.</Text>
  </Details>
  <Details ServiceId="80" MessageId="30" Timestamp="04/02/2020 11:15:52" Debug="false">
    <Text>HmiConvert: Finished conversion step &lt;Siemens.Simatic.Hmi.Tag.Managers.Scan:Siemens.Simatic.Hmi.Utah.Tag.HmiUdtVersionConverter.DoConvert&gt;.</Text>
  </Details>
  <Details ServiceId="80" MessageId="30" Timestamp="04/02/2020 11:15:52" Debug="false">
    <Text>HmiConvert: Starting conversion step &lt;Siemens.Simatic.Hmi.Cycle.Managers.Scan:Siemens.Simatic.Hmi.Utah.Cycles.CyclePhaseConverter.ConvertCycles&gt;.</Text>
  </Details>
  <Details ServiceId="80" MessageId="30" Timestamp="04/02/2020 11:15:52" Debug="false">
    <Text>HmiConvert: Finished conversion step &lt;Siemens.Simatic.Hmi.Cycle.Managers.Scan:Siemens.Simatic.Hmi.Utah.Cycles.CyclePhaseConverter.ConvertCycles&gt;.</Text>
  </Details>
  <Details ServiceId="80" MessageId="30" Timestamp="04/02/2020 11:15:52" Debug="false">
    <Text>HmiConvert: Starting conversion step &lt;Siemens.Simatic.Hmi.Globalization.Managers.Scan:Siemens.Simatic.Hmi.Utah.Globalization.CommentConvertV14.ConvertComments&gt;.</Text>
  </Details>
  <Details ServiceId="80" MessageId="30" Timestamp="04/02/2020 11:15:52" Debug="false">
    <Text>HmiConvert: Finished conversion step &lt;Siemens.Simatic.Hmi.Globalization.Managers.Scan:Siemens.Simatic.Hmi.Utah.Globalization.CommentConvertV14.ConvertComments&gt;.</Text>
  </Details>
  <Details ServiceId="80" MessageId="30" Timestamp="04/02/2020 11:15:52" Debug="false">
    <Text>HmiConvert: Starting conversion step &lt;Siemens.Simatic.Hmi.Globalization.Managers.Scan:Siemens.Simatic.Hmi.Utah.Globalization.CommentCategoryRepairer.RepairCommentCategoryLinks&gt;.</Text>
  </Details>
  <Details ServiceId="80" MessageId="30" Timestamp="04/02/2020 11:15:52" Debug="false">
    <Text>HmiConvert: Finished conversion step &lt;Siemens.Simatic.Hmi.Globalization.Managers.Scan:Siemens.Simatic.Hmi.Utah.Globalization.CommentCategoryRepairer.RepairCommentCategoryLinks&gt;.</Text>
  </Details>
  <Details ServiceId="80" MessageId="30" Timestamp="04/02/2020 11:15:52" Debug="false">
    <Text>HmiConvert: Starting conversion step &lt;Siemens.Simatic.Hmi.TextGraphicLists.Managers.Scan:Siemens.Simatic.Hmi.Utah.TextAndGraphicLists.HmiTextAndGraphicListConverter.ConvertHmiTextAndGraphicList&gt;.</Text>
  </Details>
  <Details ServiceId="80" MessageId="30" Timestamp="04/02/2020 11:15:52" Debug="false">
    <Text>HmiConvert: Finished conversion step &lt;Siemens.Simatic.Hmi.TextGraphicLists.Managers.Scan:Siemens.Simatic.Hmi.Utah.TextAndGraphicLists.HmiTextAndGraphicListConverter.ConvertHmiTextAndGraphicList&gt;.</Text>
  </Details>
  <Details ServiceId="80" MessageId="30" Timestamp="04/02/2020 11:15:52" Debug="false">
    <Text>HmiConvert: Starting conversion step &lt;Siemens.Simatic.Hmi.Common.ConvertBusinessLogic:Siemens.Simatic.Hmi.Common.Convert.RemoveObsoletePackageContainersConverter.RemoveObsoletePackageContainers&gt;.</Text>
  </Details>
  <Details ServiceId="80" MessageId="30" Timestamp="04/02/2020 11:15:52" Debug="false">
    <Text>HmiConvert: Finished conversion step &lt;Siemens.Simatic.Hmi.Common.ConvertBusinessLogic:Siemens.Simatic.Hmi.Common.Convert.RemoveObsoletePackageContainersConverter.RemoveObsoletePackageContainers&gt;.</Text>
  </Details>
  <Details ServiceId="80" MessageId="30" Timestamp="04/02/2020 11:15:52" Debug="false">
    <Text>HmiConvert: Starting conversion step &lt;Siemens.Simatic.Hmi.GraphX.GraphXManagers.Scan:Siemens.Simatic.Hmi.Utah.GraphX.ChainedListConverter.ConvertFixScreenChainedList&gt;.</Text>
  </Details>
  <Details ServiceId="80" MessageId="30" Timestamp="04/02/2020 11:15:52" Debug="false">
    <Text>HmiConvert: Finished conversion step &lt;Siemens.Simatic.Hmi.GraphX.GraphXManagers.Scan:Siemens.Simatic.Hmi.Utah.GraphX.ChainedListConverter.ConvertFixScreenChainedList&gt;.</Text>
  </Details>
  <Details ServiceId="80" MessageId="30" Timestamp="04/02/2020 11:15:52" Debug="false">
    <Text>HmiConvert: Starting conversion step &lt;Siemens.Simatic.Hmi.ScreenModules.Managers.Scan:Siemens.Simatic.Hmi.Utah.Modules.ScreenModules.PhaseConverter.RepairResizingRules&gt;.</Text>
  </Details>
  <Details ServiceId="80" MessageId="30" Timestamp="04/02/2020 11:15:52" Debug="false">
    <Text>HmiConvert: Finished conversion step &lt;Siemens.Simatic.Hmi.ScreenModules.Managers.Scan:Siemens.Simatic.Hmi.Utah.Modules.ScreenModules.PhaseConverter.RepairResizingRules&gt;.</Text>
  </Details>
  <Details ServiceId="80" MessageId="30" Timestamp="04/02/2020 11:15:52" Debug="false">
    <Text>HmiConvert: Starting conversion step &lt;Siemens.Simatic.Hmi.Tag.Managers.Scan:Siemens.Simatic.Hmi.Utah.Tag.AddressTypeSafeConverter.ConvertTypeSafeAddress&gt;.</Text>
  </Details>
  <Details ServiceId="80" MessageId="30" Timestamp="04/02/2020 11:15:52" Debug="false">
    <Text>HmiConvert: Finished conversion step &lt;Siemens.Simatic.Hmi.Tag.Managers.Scan:Siemens.Simatic.Hmi.Utah.Tag.AddressTypeSafeConverter.ConvertTypeSafeAddress&gt;.</Text>
  </Details>
  <Details ServiceId="80" MessageId="30" Timestamp="04/02/2020 11:15:52" Debug="false">
    <Text>HmiConvert: Starting conversion step &lt;Siemens.Simatic.Hmi.Communication.Managers.Scan:Siemens.Simatic.Hmi.Utah.Communication.AddressTypeSafeConverter.ConvertTypeSafeAddress&gt;.</Text>
  </Details>
  <Details ServiceId="80" MessageId="30" Timestamp="04/02/2020 11:15:52" Debug="false">
    <Text>HmiConvert: Finished conversion step &lt;Siemens.Simatic.Hmi.Communication.Managers.Scan:Siemens.Simatic.Hmi.Utah.Communication.AddressTypeSafeConverter.ConvertTypeSafeAddress&gt;.</Text>
  </Details>
  <Details ServiceId="80" MessageId="30" Timestamp="04/02/2020 11:15:52" Debug="false">
    <Text>HmiConvert: Starting conversion step &lt;Siemens.Simatic.Hmi.Alarm.Managers.Scan:Siemens.Simatic.Hmi.Utah.Alarm.AlarmDataConverterWithHmiBl.ConvertAlarmStuffWithHmiBl&gt;.</Text>
  </Details>
  <Details ServiceId="80" MessageId="30" Timestamp="04/02/2020 11:15:53" Debug="false">
    <Text>HmiConvert: Finished conversion step &lt;Siemens.Simatic.Hmi.Alarm.Managers.Scan:Siemens.Simatic.Hmi.Utah.Alarm.AlarmDataConverterWithHmiBl.ConvertAlarmStuffWithHmiBl&gt;.</Text>
  </Details>
  <Details ServiceId="80" MessageId="30" Timestamp="04/02/2020 11:15:53" Debug="false">
    <Text>HmiConvert: Starting conversion step &lt;Siemens.Simatic.Hmi.GraphX.Controls.Managers.Scan:Siemens.Simatic.Hmi.Utah.GraphX.Controls.ProDiagPhaseConverter.ConvertLayout&gt;.</Text>
  </Details>
  <Details ServiceId="80" MessageId="30" Timestamp="04/02/2020 11:15:53" Debug="false">
    <Text>HmiConvert: Finished conversion step &lt;Siemens.Simatic.Hmi.GraphX.Controls.Managers.Scan:Siemens.Simatic.Hmi.Utah.GraphX.Controls.ProDiagPhaseConverter.ConvertLayout&gt;.</Text>
  </Details>
  <Details ServiceId="80" MessageId="30" Timestamp="04/02/2020 11:15:53" Debug="false">
    <Text>HmiConvert: Starting conversion step &lt;Siemens.Simatic.Hmi.GraphX.GraphXManagers.Scan:Siemens.Simatic.Hmi.Utah.GraphX.PhaseConverter.ConvertScreenUdtElements&gt;.</Text>
  </Details>
  <Details ServiceId="80" MessageId="30" Timestamp="04/02/2020 11:15:53" Debug="false">
    <Text>HmiConvert: Finished conversion step &lt;Siemens.Simatic.Hmi.GraphX.GraphXManagers.Scan:Siemens.Simatic.Hmi.Utah.GraphX.PhaseConverter.ConvertScreenUdtElements&gt;.</Text>
  </Details>
  <Details ServiceId="80" MessageId="30" Timestamp="04/02/2020 11:15:53" Debug="false">
    <Text>HmiConvert: Starting conversion step &lt;Siemens.Simatic.Hmi.GraphX.GraphXManagers.Scan:Siemens.Simatic.Hmi.Utah.GraphX.PhaseConverter.DeleteTextFromGroups&gt;.</Text>
  </Details>
  <Details ServiceId="80" MessageId="30" Timestamp="04/02/2020 11:15:53" Debug="false">
    <Text>HmiConvert: Finished conversion step &lt;Siemens.Simatic.Hmi.GraphX.GraphXManagers.Scan:Siemens.Simatic.Hmi.Utah.GraphX.PhaseConverter.DeleteTextFromGroups&gt;.</Text>
  </Details>
  <Details ServiceId="80" MessageId="30" Timestamp="04/02/2020 11:15:53" Debug="false">
    <Text>HmiConvert: Starting conversion step &lt;Siemens.Simatic.Hmi.ScreenModules.Managers.Scan:Siemens.Simatic.Hmi.Utah.Modules.ScreenModules.PhaseConverterWithHmiBl.DeleteOrphanInterfaceConnections&gt;.</Text>
  </Details>
  <Details ServiceId="80" MessageId="30" Timestamp="04/02/2020 11:15:53" Debug="false">
    <Text>HmiConvert: Finished conversion step &lt;Siemens.Simatic.Hmi.ScreenModules.Managers.Scan:Siemens.Simatic.Hmi.Utah.Modules.ScreenModules.PhaseConverterWithHmiBl.DeleteOrphanInterfaceConnections&gt;.</Text>
  </Details>
  <Details ServiceId="80" MessageId="30" Timestamp="04/02/2020 11:15:53" Debug="false">
    <Text>HmiConvert: Starting conversion step &lt;Siemens.Simatic.Hmi.GraphX.GraphXManagers.Scan:Siemens.Simatic.Hmi.Utah.GraphX.PhaseConverter.RepairPointsCollectionOfScreenItems&gt;.</Text>
  </Details>
  <Details ServiceId="80" MessageId="30" Timestamp="04/02/2020 11:15:53" Debug="false">
    <Text>HmiConvert: Finished conversion step &lt;Siemens.Simatic.Hmi.GraphX.GraphXManagers.Scan:Siemens.Simatic.Hmi.Utah.GraphX.PhaseConverter.RepairPointsCollectionOfScreenItems&gt;.</Text>
  </Details>
  <Details ServiceId="80" MessageId="30" Timestamp="04/02/2020 11:15:53" Debug="false">
    <Text>HmiConvert: Finished conversion section.</Text>
  </Details>
  <MessageCell ServiceId="80" MessageId="30" MessageClass="Information" Timestamp="04/02/2020 11:15:55">
    <Number ServiceNumber="80" MessageNumber="30" />
    <Text FeedbackText="Actualizando librería o proyecto nuevo." />
    <Help HelpId="-1" />
  </MessageCell>
  <MessageCell ServiceId="80" MessageId="30" MessageClass="Information" Timestamp="04/02/2020 11:15:55">
    <Number ServiceNumber="80" MessageNumber="30" />
    <Text FeedbackText="Convirtiendo la información de referencias cruzadas." />
    <Help HelpId="-1" />
  </MessageCell>
  <MessageCell ServiceId="80" MessageId="30" MessageClass="Information" Timestamp="04/02/2020 11:15:56">
    <Number ServiceNumber="80" MessageNumber="30" />
    <Text FeedbackText="La información de referencias cruzadas se ha generado correctamente." />
    <Help HelpId="-1" />
  </MessageCell>
  <MessageCell ServiceId="80" MessageId="30" MessageClass="Information" Timestamp="04/02/2020 11:15:56">
    <Number ServiceNumber="80" MessageNumber="30" />
    <Text FeedbackText="La conversión de la información de referencias cruzadas se ha completado." />
    <Help HelpId="-1" />
  </MessageCell>
  <MessageCell ServiceId="80" MessageId="30" MessageClass="Information" Timestamp="04/02/2020 11:15:56">
    <Number ServiceNumber="80" MessageNumber="30" />
    <Text FeedbackText="Limpiando metadatos antiguos." />
    <Help HelpId="-1" />
  </MessageCell>
  <Details ServiceId="80" MessageId="30" Timestamp="04/02/2020 11:16:01" Debug="false">
    <Text>Meta Package 'Dynamics' was deleted</Text>
  </Details>
  <Details ServiceId="80" MessageId="30" Timestamp="04/02/2020 11:16:01" Debug="false">
    <Text>Meta Package 'HmiAlarm' was deleted</Text>
  </Details>
  <Details ServiceId="80" MessageId="30" Timestamp="04/02/2020 11:16:01" Debug="false">
    <Text>Meta Package 'HmiBase' was deleted</Text>
  </Details>
  <Details ServiceId="80" MessageId="30" Timestamp="04/02/2020 11:16:01" Debug="false">
    <Text>Meta Package 'HmiCommunication' was deleted</Text>
  </Details>
  <Details ServiceId="80" MessageId="30" Timestamp="04/02/2020 11:16:01" Debug="false">
    <Text>Meta Package 'HmiControls' was deleted</Text>
  </Details>
  <Details ServiceId="80" MessageId="30" Timestamp="04/02/2020 11:16:01" Debug="false">
    <Text>Meta Package 'HmiControls_V13' was deleted</Text>
  </Details>
  <Details ServiceId="80" MessageId="30" Timestamp="04/02/2020 11:16:01" Debug="false">
    <Text>Meta Package 'HmiCurve' was deleted</Text>
  </Details>
  <Details ServiceId="80" MessageId="30" Timestamp="04/02/2020 11:16:01" Debug="false">
    <Text>Meta Package 'HmiCycle' was deleted</Text>
  </Details>
  <Details ServiceId="80" MessageId="30" Timestamp="04/02/2020 11:16:01" Debug="false">
    <Text>Meta Package 'HmiDevice' was deleted</Text>
  </Details>
  <Details ServiceId="80" MessageId="30" Timestamp="04/02/2020 11:16:01" Debug="false">
    <Text>Meta Package 'HmiDevice_V13SP1' was deleted</Text>
  </Details>
  <Details ServiceId="80" MessageId="30" Timestamp="04/02/2020 11:16:01" Debug="false">
    <Text>Meta Package 'HmiFontItem' was deleted</Text>
  </Details>
  <Details ServiceId="80" MessageId="30" Timestamp="04/02/2020 11:16:01" Debug="false">
    <Text>Meta Package 'HmiFontList' was deleted</Text>
  </Details>
  <Details ServiceId="80" MessageId="30" Timestamp="04/02/2020 11:16:01" Debug="false">
    <Text>Meta Package 'HmiGraphX' was deleted</Text>
  </Details>
  <Details ServiceId="80" MessageId="30" Timestamp="04/02/2020 11:16:01" Debug="false">
    <Text>Meta Package 'HmiGraphX_V12SP1' was deleted</Text>
  </Details>
  <Details ServiceId="80" MessageId="30" Timestamp="04/02/2020 11:16:01" Debug="false">
    <Text>Meta Package 'HmiGraphX_V13SP1' was deleted</Text>
  </Details>
  <Details ServiceId="80" MessageId="30" Timestamp="04/02/2020 11:16:01" Debug="false">
    <Text>Meta Package 'HmiImage' was deleted</Text>
  </Details>
  <Details ServiceId="80" MessageId="30" Timestamp="04/02/2020 11:16:01" Debug="false">
    <Text>Meta Package 'HmiInternalImage' was deleted</Text>
  </Details>
  <Details ServiceId="80" MessageId="30" Timestamp="04/02/2020 11:16:01" Debug="false">
    <Text>Meta Package 'HmiJob' was deleted</Text>
  </Details>
  <Details ServiceId="80" MessageId="30" Timestamp="04/02/2020 11:16:01" Debug="false">
    <Text>Meta Package 'HmiRTSecurity' was deleted</Text>
  </Details>
  <Details ServiceId="80" MessageId="30" Timestamp="04/02/2020 11:16:01" Debug="false">
    <Text>Meta Package 'HmiRecipe' was deleted</Text>
  </Details>
  <Details ServiceId="80" MessageId="30" Timestamp="04/02/2020 11:16:01" Debug="false">
    <Text>Meta Package 'HmiReport' was deleted</Text>
  </Details>
  <Details ServiceId="80" MessageId="30" Timestamp="04/02/2020 11:16:01" Debug="false">
    <Text>Meta Package 'HmiScreenModules' was deleted</Text>
  </Details>
  <Details ServiceId="80" MessageId="30" Timestamp="04/02/2020 11:16:01" Debug="false">
    <Text>Meta Package 'HmiScreenModules_V12SP1' was deleted</Text>
  </Details>
  <Details ServiceId="80" MessageId="30" Timestamp="04/02/2020 11:16:01" Debug="false">
    <Text>Meta Package 'HmiScripting' was deleted</Text>
  </Details>
  <Details ServiceId="80" MessageId="30" Timestamp="04/02/2020 11:16:01" Debug="false">
    <Text>Meta Package 'HmiScripting_V12SP1' was deleted</Text>
  </Details>
  <Details ServiceId="80" MessageId="30" Timestamp="04/02/2020 11:16:01" Debug="false">
    <Text>Meta Package 'HmiStyle' was deleted</Text>
  </Details>
  <Details ServiceId="80" MessageId="30" Timestamp="04/02/2020 11:16:01" Debug="false">
    <Text>Meta Package 'HmiStyle_V13SP1' was deleted</Text>
  </Details>
  <Details ServiceId="80" MessageId="30" Timestamp="04/02/2020 11:16:01" Debug="false">
    <Text>Meta Package 'HmiTag' was deleted</Text>
  </Details>
  <Details ServiceId="80" MessageId="30" Timestamp="04/02/2020 11:16:01" Debug="false">
    <Text>Meta Package 'HmiTag_V12SP1' was deleted</Text>
  </Details>
  <Details ServiceId="80" MessageId="30" Timestamp="04/02/2020 11:16:01" Debug="false">
    <Text>Meta Package 'HmiText' was deleted</Text>
  </Details>
  <Details ServiceId="80" MessageId="30" Timestamp="04/02/2020 11:16:01" Debug="false">
    <Text>Meta Package 'HmiTextAndGraphicLists' was deleted</Text>
  </Details>
  <Details ServiceId="80" MessageId="30" Timestamp="04/02/2020 11:16:01" Debug="false">
    <Text>Meta Package 'HmiTheme' was deleted</Text>
  </Details>
  <Details ServiceId="80" MessageId="30" Timestamp="04/02/2020 11:16:01" Debug="false">
    <Text>Meta Package 'HmiWireless' was deleted</Text>
  </Details>
  <Details ServiceId="80" MessageId="30" Timestamp="04/02/2020 11:16:01" Debug="false">
    <Text>Meta Package 'HmiWireless_V13SP1' was deleted</Text>
  </Details>
  <Details ServiceId="80" MessageId="30" Timestamp="04/02/2020 11:16:01" Debug="false">
    <Text>Meta Package 'Iecpl' was deleted</Text>
  </Details>
  <Details ServiceId="80" MessageId="30" Timestamp="04/02/2020 11:16:01" Debug="false">
    <Text>Meta Package 'Iecpl_BlockInterface_V13.0.1' was deleted</Text>
  </Details>
  <Details ServiceId="80" MessageId="30" Timestamp="04/02/2020 11:16:01" Debug="false">
    <Text>Meta Package 'Iecpl_V12' was deleted</Text>
  </Details>
  <Details ServiceId="80" MessageId="30" Timestamp="04/02/2020 11:16:01" Debug="false">
    <Text>Meta Package 'Logging' was deleted</Text>
  </Details>
  <Details ServiceId="80" MessageId="30" Timestamp="04/02/2020 11:16:01" Debug="false">
    <Text>Meta Package 'Logging_v12' was deleted</Text>
  </Details>
  <Details ServiceId="80" MessageId="30" Timestamp="04/02/2020 11:16:01" Debug="false">
    <Text>Meta Package 'S7FP' was deleted</Text>
  </Details>
  <Details ServiceId="80" MessageId="30" Timestamp="04/02/2020 11:16:01" Debug="false">
    <Text>Meta Package 'S7FP_V12' was deleted</Text>
  </Details>
  <Details ServiceId="80" MessageId="30" Timestamp="04/02/2020 11:16:01" Debug="false">
    <Text>Meta Package 'SettingsEditor' was deleted</Text>
  </Details>
  <Details ServiceId="80" MessageId="30" Timestamp="04/02/2020 11:16:01" Debug="false">
    <Text>Meta Package 'Siemens.Automation.CommonServices.Library.V12SP1' was deleted</Text>
  </Details>
  <Details ServiceId="80" MessageId="30" Timestamp="04/02/2020 11:16:01" Debug="false">
    <Text>Meta Package 'Siemens.Automation.DomainModel.Online' was deleted</Text>
  </Details>
  <Details ServiceId="80" MessageId="30" Timestamp="04/02/2020 11:16:01" Debug="false">
    <Text>Meta Package 'Siemens.Simatic.HwConfiguration.Security.Model' was deleted</Text>
  </Details>
  <Details ServiceId="80" MessageId="30" Timestamp="04/02/2020 11:16:01" Debug="false">
    <Text>Meta Package 'Siemens.Simatic.Tech.SMC' was deleted</Text>
  </Details>
  <Details ServiceId="80" MessageId="30" Timestamp="04/02/2020 11:16:01" Debug="false">
    <Text>Meta Package 'Siemens.TechTrace.Device.Plc.Model' was deleted</Text>
  </Details>
  <Details ServiceId="80" MessageId="30" Timestamp="04/02/2020 11:16:01" Debug="false">
    <Text>Package container 'HW.S71500.RACK.MDD_6ES5xx-xxxxx-xxxx_1.0_14.0.0' was deleted</Text>
  </Details>
  <Details ServiceId="80" MessageId="30" Timestamp="04/02/2020 11:16:01" Debug="false">
    <Text>Package container 'HW.S71500.DEVICE.MDD_S71500-Device_1.0_14.0.0' was deleted</Text>
  </Details>
  <Details ServiceId="80" MessageId="30" Timestamp="04/02/2020 11:16:01" Debug="false">
    <Text>Package container 'HW.HMI.Device.StandardPanels.TP1500Standard_13.0.10-HmiOnly' was deleted</Text>
  </Details>
  <Details ServiceId="80" MessageId="30" Timestamp="04/02/2020 11:16:01" Debug="false">
    <Text>Package container 'Siemens.Simatic.Hmi' was deleted</Text>
  </Details>
  <Details ServiceId="80" MessageId="30" Timestamp="04/02/2020 11:16:01" Debug="false">
    <Text>Package container 'HW.S71500.AO.Modules.MDD_6ES7532-5HD00-0AB0_V2.0_13.0.10' was deleted</Text>
  </Details>
  <Details ServiceId="80" MessageId="30" Timestamp="04/02/2020 11:16:01" Debug="false">
    <Text>Package container 'HW.S71500.AI.Modules.MDD_6ES7531-7KF00-0AB0_V2.0_13.0.10' was deleted</Text>
  </Details>
  <Details ServiceId="80" MessageId="30" Timestamp="04/02/2020 11:16:01" Debug="false">
    <Text>Package container 'HW.S71500.DO.Modules.MDD_6ES7522-1BL00-0AB0_V2.0_13.0.10' was deleted</Text>
  </Details>
  <Details ServiceId="80" MessageId="30" Timestamp="04/02/2020 11:16:01" Debug="false">
    <Text>Package container 'HW.S71500.DI.Modules.MDD_6ES7521-1BL00-0AB0_V2.0_13.0.10' was deleted</Text>
  </Details>
  <Details ServiceId="80" MessageId="30" Timestamp="04/02/2020 11:16:01" Debug="false">
    <Text>Package container 'HW.S71500.CPU.CPU_1516_3_PN+DP.MDD_6ES7_516_3AN00_0AB0_1.7_13.0.1' was deleted</Text>
  </Details>
  <Details ServiceId="80" MessageId="30" Timestamp="04/02/2020 11:16:01" Debug="false">
    <Text>Package container 'Siemens.Simatic.Iecpl.S7PSW.V13.0.1.1.Mandatory' was deleted</Text>
  </Details>
  <Details ServiceId="80" MessageId="30" Timestamp="04/02/2020 11:16:01" Debug="false">
    <Text>Package container 'Siemens.Simatic.Iecpl.S7PSW.V13.0.1.0.NonMandatory' was deleted</Text>
  </Details>
  <Details ServiceId="80" MessageId="30" Timestamp="04/02/2020 11:16:01" Debug="false">
    <Text>Package container 'Siemens.Simatic.Iecpl_V13.0.1' was deleted</Text>
  </Details>
  <Details ServiceId="80" MessageId="30" Timestamp="04/02/2020 11:16:01" Debug="false">
    <Text>Package container 'Siemens.Simatic.Safety.Model_V12' was deleted</Text>
  </Details>
  <Details ServiceId="80" MessageId="30" Timestamp="04/02/2020 11:16:01" Debug="false">
    <Text>Package container 'Siemens.TechTrace.Device.Plc.Model' was deleted</Text>
  </Details>
  <Details ServiceId="80" MessageId="30" Timestamp="04/02/2020 11:16:01" Debug="false">
    <Text>Package container 'Siemens.Simatic.Iecpl_V12' was deleted</Text>
  </Details>
  <Details ServiceId="80" MessageId="30" Timestamp="04/02/2020 11:16:01" Debug="false">
    <Text>Package container 'Siemens.Simatic.Tech.SMC' was deleted</Text>
  </Details>
  <Details ServiceId="80" MessageId="30" Timestamp="04/02/2020 11:16:01" Debug="false">
    <Text>Package container 'HW.S71500.UnspecificCPU.CPU_15XX_Unspecific.MDD_6ES75XX_XXXXX_XXXX_1.8_13.0.20' was deleted</Text>
  </Details>
  <Details ServiceId="80" MessageId="30" Timestamp="04/02/2020 11:16:01" Debug="false">
    <Text>Package container 'HW.S71500.RACK.MDD_6ES5xx-xxxxx-xxxx_1.0_13.0.0' was deleted</Text>
  </Details>
  <Details ServiceId="80" MessageId="30" Timestamp="04/02/2020 11:16:01" Debug="false">
    <Text>Package container 'HW.S71500.DEVICE.MDD_S71500-Device_1.0_13.0.0' was deleted</Text>
  </Details>
  <Details ServiceId="80" MessageId="30" Timestamp="04/02/2020 11:16:01" Debug="false">
    <Text>Package container 'Siemens.Simatic.Iecpl' was deleted</Text>
  </Details>
  <Details ServiceId="80" MessageId="30" Timestamp="04/02/2020 11:16:01" Debug="false">
    <Text>Package container 'Siemens.Simatic.Iecpl.S7BSW.V13.0.1.1.Mandatory' was deleted</Text>
  </Details>
  <Details ServiceId="80" MessageId="30" Timestamp="04/02/2020 11:16:01" Debug="false">
    <Text>Package container 'Siemens.Simatic.Iecpl.S7BSW.V12.0.1.0.Mandatory' was deleted</Text>
  </Details>
  <Details ServiceId="80" MessageId="30" Timestamp="04/02/2020 11:16:01" Debug="false">
    <Text>Product version 'Siemens.Simatic.Hmi.Basic:11.00.02.00' was deleted</Text>
  </Details>
  <Details ServiceId="80" MessageId="30" Timestamp="04/02/2020 11:16:01" Debug="false">
    <Text>Product version 'Siemens.Simatic.Hmi.Basic:13.00.00.00' was deleted</Text>
  </Details>
  <Details ServiceId="80" MessageId="30" Timestamp="04/02/2020 11:16:01" Debug="false">
    <Text>Product version 'Siemens.Simatic.Hmi.Basic:12.00.01.00' was deleted</Text>
  </Details>
  <Details ServiceId="80" MessageId="30" Timestamp="04/02/2020 11:16:01" Debug="false">
    <Text>Product version 'Siemens.Simatic.Hmi.Basic:12.00.00.00' was deleted</Text>
  </Details>
  <Details ServiceId="80" MessageId="30" Timestamp="04/02/2020 11:16:01" Debug="false">
    <Text>Product version 'Siemens.Simatic.Hmi.Basic:11.00.00.00' was deleted</Text>
  </Details>
  <Details ServiceId="80" MessageId="30" Timestamp="04/02/2020 11:16:01" Debug="false">
    <Text>Product version 'Siemens.Simatic.Hmi.Comfort:13.00.01.00' was deleted</Text>
  </Details>
  <Details ServiceId="80" MessageId="30" Timestamp="04/02/2020 11:16:01" Debug="false">
    <Text>Product version 'Siemens.Simatic.STEP7.Basic:12.00.01.00' was deleted</Text>
  </Details>
  <Details ServiceId="80" MessageId="30" Timestamp="04/02/2020 11:16:01" Debug="false">
    <Text>Product version 'Siemens.Simatic.STEP7.Professional:13.00.01.00' was deleted</Text>
  </Details>
  <Details ServiceId="80" MessageId="30" Timestamp="04/02/2020 11:16:01" Debug="false">
    <Text>Product version 'Siemens.Simatic.STEP7.Basic:12.00.00.00' was deleted</Text>
  </Details>
  <Details ServiceId="80" MessageId="30" Timestamp="04/02/2020 11:16:01" Debug="false">
    <Text>Product version 'Siemens.Simatic.STEP7.Basic:11.00.00.00' was deleted</Text>
  </Details>
  <Details ServiceId="80" MessageId="30" Timestamp="04/02/2020 11:16:01" Debug="false">
    <Text>Product version 'Siemens.Simatic.STEP7.Professional:13.00.01.04' was deleted</Text>
  </Details>
  <Details ServiceId="80" MessageId="30" Timestamp="04/02/2020 11:16:01" Debug="false">
    <Text>Product version 'Siemens.Simatic.STEP7.Basic:13.00.00.00' was deleted</Text>
  </Details>
  <Details ServiceId="80" MessageId="30" Timestamp="04/02/2020 11:16:01" Debug="false">
    <Text>Product version 'Siemens.Simatic.STEP7.SinemaEBasic:13.00.00.00' was deleted</Text>
  </Details>
  <Details ServiceId="80" MessageId="30" Timestamp="04/02/2020 11:16:01" Debug="false">
    <Text>Product version 'Siemens.Simatic.Portal:11.00.02.00' was deleted</Text>
  </Details>
  <Details ServiceId="80" MessageId="30" Timestamp="04/02/2020 11:16:01" Debug="false">
    <Text>Product version 'Siemens.Simatic.Portal:12.00.00.00' was deleted</Text>
  </Details>
  <Details ServiceId="80" MessageId="30" Timestamp="04/02/2020 11:16:01" Debug="false">
    <Text>Product version 'Siemens.Simatic.Portal:13.00.01.00' was deleted</Text>
  </Details>
  <Details ServiceId="80" MessageId="30" Timestamp="04/02/2020 11:16:01" Debug="false">
    <Text>Product version 'Siemens.Simatic.Portal:11.00.02.04' was deleted</Text>
  </Details>
  <Details ServiceId="80" MessageId="30" Timestamp="04/02/2020 11:16:01" Debug="false">
    <Text>Product version 'Siemens.Simatic.Portal:12.00.01.00' was deleted</Text>
  </Details>
  <Details ServiceId="80" MessageId="30" Timestamp="04/02/2020 11:16:01" Debug="false">
    <Text>Product version 'Siemens.Simatic.Portal:13.00.00.00' was deleted</Text>
  </Details>
  <Details ServiceId="80" MessageId="30" Timestamp="04/02/2020 11:16:01" Debug="false">
    <Text>Product version 'Siemens.Simatic.Portal:11.00.00.00' was deleted</Text>
  </Details>
  <Details ServiceId="80" MessageId="30" Timestamp="04/02/2020 11:16:01" Debug="false">
    <Text>Product version 'Siemens.Simatic.Hmi.Basic:13.00.01.00' was deleted</Text>
  </Details>
  <Details ServiceId="80" MessageId="30" Timestamp="04/02/2020 11:16:01" Debug="false">
    <Text>Product version 'Siemens.Simatic.STEP7.Basic:13.00.01.04' was deleted</Text>
  </Details>
  <MessageCell ServiceId="80" MessageId="30" MessageClass="Information" Timestamp="04/02/2020 11:16:01">
    <Number ServiceNumber="80" MessageNumber="30" />
    <Text FeedbackText="Guardando la librería o el proyecto actualizado." />
    <Help HelpId="-1" />
  </MessageCell>
  <MessageCell ServiceId="80" MessageId="30" MessageClass="Information" Timestamp="04/02/2020 11:16:01">
    <Number ServiceNumber="80" MessageNumber="30" />
    <Text FeedbackText="Guardando la librería o el proyecto actualizado." />
    <Help HelpId="-1" />
  </MessageCell>
  <MessageCell ServiceId="Automation-ObjectFrame-Feedbacks" MessageId="ConversionInfoTabProjectSucceeded" MessageClass="Success" Timestamp="04/02/2020 11:16:01">
    <Number ServiceNumber="80" MessageNumber="34" />
    <Text FeedbackText="El proyecto 'C:\Users\CDT\Downloads\planta1_def\System\PEData.plf' se ha actualizado correctamente y se ha guardado como proyecto 'C:\Users\CDT\Downloads\planta1_def_V15\System\PEData.plf'." />
    <Help HelpId="-1" HelpFile="" />
  </MessageCell>
</LogFile>